time_s,cmd_shoulder_rad,actual_shoulder_rad,shoulder_error_rad,shoulder_error_deg,cmd_elbow_rad,actual_elbow_rad,elbow_error_rad,elbow_error_deg
0.0,-0.4109,-0.5492,0.1383,7.923,-1.1891,-0.8882,-0.3009,-17.239
0.003,-0.4109,-0.5492,0.1383,7.923,-1.1891,-0.8882,-0.3009,-17.239
0.02,-0.4109,-0.5492,0.1383,7.923,-1.1891,-0.8897,-0.2994,-17.152
0.025,-0.4109,-0.5492,0.1383,7.923,-1.1891,-0.8912,-0.2978,-17.064
0.027,-0.4109,-0.5492,0.1383,7.923,-1.1891,-0.8928,-0.2963,-16.976
0.028,-0.4109,-0.5492,0.1383,7.923,-1.1891,-0.8943,-0.2947,-16.888
0.03,-0.4109,-0.5492,0.1383,7.923,-1.1891,-0.8943,-0.2947,-16.888
0.032,-0.4109,-0.5492,0.1383,7.923,-1.1891,-0.8974,-0.2917,-16.712
0.033,-0.4109,-0.5492,0.1383,7.923,-1.1891,-0.8989,-0.2901,-16.624
0.035,-0.4109,-0.5492,0.1383,7.923,-1.1891,-0.9004,-0.2886,-16.536
0.038,-0.4109,-0.5492,0.1383,7.923,-1.1891,-0.902,-0.2871,-16.448
0.05,-0.4109,-0.5492,0.1383,7.923,-1.1891,-0.9035,-0.2855,-16.361
0.051,-0.4109,-0.5492,0.1383,7.923,-1.1891,-0.905,-0.284,-16.273
0.056,-0.4109,-0.5492,0.1383,7.923,-1.1891,-0.9066,-0.2825,-16.185
0.057,-0.4109,-0.5492,0.1383,7.923,-1.1891,-0.9081,-0.2809,-16.097
0.059,-0.4109,-0.5492,0.1383,7.923,-1.1891,-0.9097,-0.2794,-16.009
0.064,-0.4109,-0.5492,0.1383,7.923,-1.1891,-0.9112,-0.2779,-15.921
0.078,-0.4109,-0.5492,0.1383,7.923,-1.1891,-0.9112,-0.2779,-15.921
0.084,-0.4109,-0.5492,0.1383,7.923,-1.1891,-0.9127,-0.2763,-15.833
0.097,-0.4109,-0.5492,0.1383,7.923,-1.1891,-0.9143,-0.2748,-15.745
0.11,-0.4109,-0.5492,0.1383,7.923,-1.1891,-0.9158,-0.2733,-15.657
0.116,-0.4109,-0.5492,0.1383,7.923,-1.1891,-0.9173,-0.2717,-15.57
0.125,-0.3403,-0.5492,0.2089,11.967,-1.1153,-0.9219,-0.1934,-11.082
0.135,-0.3403,-0.5492,0.2089,11.967,-1.1153,-0.9235,-0.1919,-10.994
0.156,-0.3403,-0.5492,0.2089,11.967,-1.1153,-0.9265,-0.1888,-10.818
0.163,-0.3403,-0.5492,0.2089,11.967,-1.1153,-0.9265,-0.1888,-10.818
0.168,-0.3403,-0.5492,0.2089,11.967,-1.1153,-0.9281,-0.1873,-10.73
0.177,-0.3403,-0.5492,0.2089,11.967,-1.1153,-0.9296,-0.1857,-10.642
0.193,-0.3403,-0.5492,0.2089,11.967,-1.1153,-0.9311,-0.1842,-10.554
0.195,-0.3403,-0.5492,0.2089,11.967,-1.1153,-0.9327,-0.1827,-10.466
0.205,-0.3403,-0.5492,0.2089,11.967,-1.1153,-0.9342,-0.1811,-10.378
0.217,-0.3403,-0.5492,0.2089,11.967,-1.1153,-0.9357,-0.1796,-10.291
0.225,-0.3403,-0.5492,0.2089,11.967,-1.1153,-0.9373,-0.1781,-10.203
0.235,-0.3403,-0.5492,0.2089,11.967,-1.1153,-0.9388,-0.1765,-10.115
0.254,-0.3403,-0.5492,0.2089,11.967,-1.1153,-0.9419,-0.1735,-9.939
0.257,-0.3403,-0.5492,0.2089,11.967,-1.1153,-0.9419,-0.1735,-9.939
0.265,-0.3403,-0.5492,0.2089,11.967,-1.1153,-0.9434,-0.1719,-9.851
0.283,-0.3403,-0.5492,0.2089,11.967,-1.1153,-0.9465,-0.1689,-9.675
0.289,-0.3403,-0.5492,0.2089,11.967,-1.1153,-0.948,-0.1673,-9.587
0.298,-0.3403,-0.5476,0.2073,11.879,-1.1153,-0.9495,-0.1658,-9.5
0.305,-0.3403,-0.5476,0.2073,11.879,-1.1153,-0.9511,-0.1643,-9.412
0.319,-0.3403,-0.5476,0.2073,11.879,-1.1153,-0.9511,-0.1643,-9.412
0.325,-0.3403,-0.5476,0.2073,11.879,-1.1153,-0.9526,-0.1627,-9.324
0.338,-0.3403,-0.5476,0.2073,11.879,-1.1153,-0.9541,-0.1612,-9.236
0.353,-0.3403,-0.5476,0.2073,11.879,-1.1153,-0.9557,-0.1597,-9.148
0.355,-0.3087,-0.5476,0.2389,13.687,-1.0919,-0.9572,-0.1347,-7.715
0.369,-0.3087,-0.5476,0.2389,13.687,-1.0919,-0.9587,-0.1331,-7.627
0.379,-0.3087,-0.5476,0.2389,13.687,-1.0919,-0.9587,-0.1331,-7.627
0.384,-0.3087,-0.5476,0.2389,13.687,-1.0919,-0.9603,-0.1316,-7.539
0.395,-0.3087,-0.5476,0.2389,13.687,-1.0919,-0.9633,-0.1285,-7.363
0.405,-0.3087,-0.5461,0.2373,13.599,-1.0919,-0.9633,-0.1285,-7.363
0.415,-0.3087,-0.5461,0.2373,13.599,-1.0919,-0.9649,-0.127,-7.276
0.426,-0.3087,-0.5461,0.2373,13.599,-1.0919,-0.9664,-0.1254,-7.188
0.436,-0.3087,-0.5461,0.2373,13.599,-1.0919,-0.9679,-0.1239,-7.1
0.447,-0.3087,-0.5461,0.2373,13.599,-1.0919,-0.971,-0.1208,-6.924
0.454,-0.3087,-0.5461,0.2373,13.599,-1.0919,-0.971,-0.1208,-6.924
0.465,-0.3087,-0.5446,0.2358,13.511,-1.0919,-0.9725,-0.1193,-6.836
0.48,-0.3087,-0.5446,0.2358,13.511,-1.0919,-0.9741,-0.1178,-6.748
0.485,-0.3087,-0.5446,0.2358,13.511,-1.0919,-0.9756,-0.1162,-6.66
0.496,-0.3087,-0.5446,0.2358,13.511,-1.0919,-0.9771,-0.1147,-6.572
0.504,-0.3087,-0.5446,0.2358,13.511,-1.0919,-0.9787,-0.1132,-6.485
0.515,-0.3087,-0.543,0.2343,13.423,-1.0919,-0.9787,-0.1132,-6.485
0.526,-0.3087,-0.5415,0.2327,13.335,-1.0919,-0.9802,-0.1116,-6.397
0.539,-0.3087,-0.5415,0.2327,13.335,-1.0919,-0.9802,-0.1116,-6.397
0.546,-0.3087,-0.54,0.2312,13.248,-1.0919,-0.9817,-0.1101,-6.309
0.555,-0.3087,-0.54,0.2312,13.248,-1.0919,-0.9833,-0.1086,-6.221
0.566,-0.3087,-0.54,0.2312,13.248,-1.0919,-0.9848,-0.107,-6.133
0.576,-0.3087,-0.5384,0.2297,13.16,-1.0919,-0.9848,-0.107,-6.133
0.587,-0.3175,-0.5384,0.2209,12.656,-1.1495,-0.9863,-0.1631,-9.345
0.597,-0.3175,-0.5384,0.2209,12.656,-1.1495,-0.9863,-0.1631,-9.345
0.604,-0.3175,-0.5384,0.2209,12.656,-1.1495,-0.9863,-0.1631,-9.345
0.617,-0.3175,-0.5369,0.2194,12.569,-1.1495,-0.9863,-0.1631,-9.345
0.624,-0.3175,-0.5369,0.2194,12.569,-1.1495,-0.9863,-0.1631,-9.345
0.635,-0.3175,-0.5354,0.2178,12.481,-1.1495,-0.9863,-0.1631,-9.345
0.645,-0.3175,-0.5338,0.2163,12.393,-1.1495,-0.9879,-0.1616,-9.258
0.655,-0.3175,-0.5308,0.2132,12.217,-1.1495,-0.9879,-0.1616,-9.258
0.669,-0.3175,-0.5292,0.2117,12.129,-1.1495,-0.9894,-0.16,-9.17
0.678,-0.3175,-0.5277,0.2102,12.041,-1.1495,-0.9894,-0.16,-9.17
0.685,-0.3175,-0.5262,0.2086,11.953,-1.1495,-0.9894,-0.16,-9.17
0.696,-0.3175,-0.5246,0.2071,11.865,-1.1495,-0.9894,-0.16,-9.17
0.715,-0.3175,-0.5231,0.2056,11.778,-1.1495,-0.991,-0.1585,-9.082
0.718,-0.3175,-0.5216,0.204,11.69,-1.1495,-0.991,-0.1585,-9.082
0.73,-0.3175,-0.5185,0.201,11.514,-1.1495,-0.9925,-0.157,-8.994
0.736,-0.3175,-0.517,0.1994,11.426,-1.1495,-0.9925,-0.157,-8.994
0.744,-0.3175,-0.517,0.1994,11.426,-1.1495,-0.9956,-0.1539,-8.818
0.754,-0.3175,-0.5154,0.1979,11.338,-1.1495,-0.9971,-0.1524,-8.73
0.766,-0.3175,-0.5123,0.1948,11.162,-1.1495,-0.9986,-0.1508,-8.642
0.783,-0.3175,-0.5108,0.1933,11.074,-1.1495,-0.9986,-0.1508,-8.642
0.788,-0.3175,-0.5093,0.1918,10.987,-1.1495,-1.0002,-0.1493,-8.554
0.803,-0.3293,-0.5077,0.1784,10.222,-1.1838,-1.0002,-0.1837,-10.524
0.805,-0.3293,-0.5062,0.1769,10.134,-1.1838,-1.0002,-0.1837,-10.524
0.816,-0.3293,-0.5047,0.1753,10.046,-1.1838,-1.0002,-0.1837,-10.524
0.826,-0.3293,-0.5031,0.1738,9.958,-1.1838,-1.0002,-0.1837,-10.524
0.835,-0.3293,-0.5031,0.1738,9.958,-1.1838,-1.0002,-0.1837,-10.524
0.849,-0.3293,-0.5016,0.1723,9.87,-1.1838,-1.0002,-0.1837,-10.524
0.855,-0.3293,-0.5001,0.1707,9.782,-1.1838,-1.0002,-0.1837,-10.524
0.868,-0.3293,-0.4985,0.1692,9.694,-1.1838,-1.0002,-0.1837,-10.524
0.879,-0.3293,-0.497,0.1677,9.607,-1.1838,-1.0002,-0.1837,-10.524
0.888,-0.3293,-0.4955,0.1661,9.519,-1.1838,-1.0017,-0.1821,-10.436
0.895,-0.3293,-0.4939,0.1646,9.431,-1.1838,-1.0017,-0.1821,-10.436
0.905,-0.3293,-0.4939,0.1646,9.431,-1.1838,-1.0032,-0.1806,-10.348
0.917,-0.3293,-0.4924,0.1631,9.343,-1.1838,-1.0048,-0.1791,-10.26
0.927,-0.3293,-0.4909,0.1615,9.255,-1.1838,-1.0048,-0.1791,-10.26
0.935,-0.3293,-0.4893,0.16,9.167,-1.1838,-1.0063,-0.1775,-10.172
0.947,-0.3293,-0.4893,0.16,9.167,-1.1838,-1.0078,-0.176,-10.085
0.958,-0.3293,-0.4878,0.1585,9.079,-1.1838,-1.0078,-0.176,-10.085
0.966,-0.3293,-0.4863,0.1569,8.991,-1.1838,-1.0094,-0.1745,-9.997
0.982,-0.3293,-0.4847,0.1554,8.903,-1.1838,-1.0094,-0.1745,-9.997
0.986,-0.3293,-0.4847,0.1554,8.903,-1.1838,-1.0109,-0.1729,-9.909
0.995,-0.3293,-0.4832,0.1539,8.816,-1.1838,-1.0109,-0.1729,-9.909
1.006,-0.3293,-0.4832,0.1539,8.816,-1.1838,-1.0124,-0.1714,-9.821
1.017,-0.3293,-0.4817,0.1523,8.728,-1.1838,-1.0124,-0.1714,-9.821
1.028,-0.3293,-0.4817,0.1523,8.728,-1.1838,-1.014,-0.1699,-9.733
1.037,-0.3061,-0.4801,0.174,9.972,-1.2194,-1.014,-0.2054,-11.771
1.046,-0.3061,-0.4786,0.1725,9.884,-1.2194,-1.0155,-0.2039,-11.684
1.055,-0.3061,-0.4786,0.1725,9.884,-1.2194,-1.0155,-0.2039,-11.684
1.069,-0.3061,-0.4771,0.171,9.796,-1.2194,-1.017,-0.2024,-11.596
1.085,-0.3061,-0.4755,0.1694,9.709,-1.2194,-1.0201,-0.1993,-11.42
1.087,-0.3061,-0.4755,0.1694,9.709,-1.2194,-1.0201,-0.1993,-11.42
1.096,-0.3061,-0.474,0.1679,9.621,-1.2194,-1.0201,-0.1993,-11.42
1.106,-0.3061,-0.474,0.1679,9.621,-1.2194,-1.0216,-0.1978,-11.332
1.125,-0.3061,-0.474,0.1679,9.621,-1.2194,-1.0232,-0.1962,-11.244
1.127,-0.3061,-0.4725,0.1664,9.533,-1.2194,-1.0232,-0.1962,-11.244
1.135,-0.3061,-0.4725,0.1664,9.533,-1.2194,-1.0247,-0.1947,-11.156
1.147,-0.3061,-0.4709,0.1648,9.445,-1.2194,-1.0262,-0.1932,-11.068
1.163,-0.3061,-0.4709,0.1648,9.445,-1.2194,-1.0262,-0.1932,-11.068
1.175,-0.3061,-0.4694,0.1633,9.357,-1.2194,-1.0278,-0.1916,-10.98
1.177,-0.3061,-0.4694,0.1633,9.357,-1.2194,-1.0278,-0.1916,-10.98
1.188,-0.3061,-0.4694,0.1633,9.357,-1.2194,-1.0278,-0.1916,-10.98
1.196,-0.3061,-0.4694,0.1633,9.357,-1.2194,-1.0293,-0.1901,-10.893
1.207,-0.3061,-0.4679,0.1618,9.269,-1.2194,-1.0308,-0.1886,-10.805
1.215,-0.3061,-0.4679,0.1618,9.269,-1.2194,-1.0324,-0.187,-10.717
1.224,-0.3061,-0.4663,0.1602,9.181,-1.2194,-1.0339,-0.1855,-10.629
1.237,-0.3061,-0.4648,0.1587,9.093,-1.2194,-1.0339,-0.1855,-10.629
1.247,-0.2664,-0.4648,0.1984,11.369,-1.223,-1.0354,-0.1876,-10.749
1.257,-0.2664,-0.4633,0.1969,11.281,-1.223,-1.037,-0.1861,-10.661
1.265,-0.2664,-0.4633,0.1969,11.281,-1.223,-1.037,-0.1861,-10.661
1.28,-0.2664,-0.4617,0.1954,11.193,-1.223,-1.0385,-0.1845,-10.573
1.286,-0.2664,-0.4617,0.1954,11.193,-1.223,-1.0385,-0.1845,-10.573
1.299,-0.2664,-0.4602,0.1938,11.105,-1.223,-1.04,-0.183,-10.485
1.319,-0.2664,-0.4602,0.1938,11.105,-1.223,-1.0416,-0.1815,-10.398
1.325,-0.2664,-0.4602,0.1938,11.105,-1.223,-1.0446,-0.1784,-10.222
1.333,-0.2664,-0.4587,0.1923,11.017,-1.223,-1.0446,-0.1784,-10.222
1.335,-0.2664,-0.4587,0.1923,11.017,-1.223,-1.0462,-0.1769,-10.134
1.346,-0.2664,-0.4571,0.1907,10.929,-1.223,-1.0477,-0.1753,-10.046
1.355,-0.2664,-0.4556,0.1892,10.841,-1.223,-1.0477,-0.1753,-10.046
1.366,-0.2664,-0.4556,0.1892,10.841,-1.223,-1.0492,-0.1738,-9.958
1.38,-0.2664,-0.4556,0.1892,10.841,-1.223,-1.0492,-0.1738,-9.958
1.386,-0.2664,-0.4556,0.1892,10.841,-1.223,-1.0492,-0.1738,-9.958
1.395,-0.2664,-0.4556,0.1892,10.841,-1.223,-1.0492,-0.1738,-9.958
1.406,-0.2664,-0.4541,0.1877,10.753,-1.223,-1.0508,-0.1723,-9.87
1.416,-0.2664,-0.4541,0.1877,10.753,-1.223,-1.0508,-0.1723,-9.87
1.426,-0.2664,-0.4525,0.1861,10.666,-1.223,-1.0508,-0.1723,-9.87
1.435,-0.2664,-0.451,0.1846,10.578,-1.223,-1.0523,-0.1707,-9.782
1.447,-0.2664,-0.4495,0.1831,10.49,-1.223,-1.0538,-0.1692,-9.694
1.468,-0.2556,-0.4479,0.1923,11.016,-1.2169,-1.0569,-0.16,-9.169
1.48,-0.2556,-0.4479,0.1923,11.016,-1.2169,-1.0584,-0.1585,-9.081
1.486,-0.2556,-0.4464,0.1907,10.929,-1.2169,-1.06,-0.157,-8.994
1.495,-0.2556,-0.4464,0.1907,10.929,-1.2169,-1.06,-0.157,-8.994
1.505,-0.2556,-0.4449,0.1892,10.841,-1.2169,-1.0615,-0.1554,-8.906
1.516,-0.2556,-0.4433,0.1877,10.753,-1.2169,-1.0615,-0.1554,-8.906
1.527,-0.2556,-0.4433,0.1877,10.753,-1.2169,-1.063,-0.1539,-8.818
1.537,-0.2556,-0.4433,0.1877,10.753,-1.2169,-1.0646,-0.1524,-8.73
1.544,-0.2556,-0.4418,0.1861,10.665,-1.2169,-1.0661,-0.1508,-8.642
1.555,-0.2556,-0.4403,0.1846,10.577,-1.2169,-1.0661,-0.1508,-8.642
1.564,-0.2556,-0.4403,0.1846,10.577,-1.2169,-1.0692,-0.1478,-8.466
1.577,-0.2556,-0.4387,0.1831,10.489,-1.2169,-1.0692,-0.1478,-8.466
1.588,-0.2556,-0.4372,0.1815,10.401,-1.2169,-1.0707,-0.1462,-8.378
1.594,-0.2556,-0.4357,0.18,10.313,-1.2169,-1.0723,-0.1447,-8.29
1.606,-0.2556,-0.4341,0.1785,10.225,-1.2169,-1.0738,-0.1432,-8.202
1.617,-0.2556,-0.4326,0.1769,10.138,-1.2169,-1.0738,-0.1432,-8.202
1.624,-0.2556,-0.4326,0.1769,10.138,-1.2169,-1.0738,-0.1432,-8.202
1.638,-0.2556,-0.431,0.1754,10.05,-1.2169,-1.0738,-0.1432,-8.202
1.648,-0.2556,-0.431,0.1754,10.05,-1.2169,-1.0738,-0.1432,-8.202
1.655,-0.2556,-0.4295,0.1739,9.962,-1.2169,-1.0753,-0.1416,-8.115
1.666,-0.2556,-0.4295,0.1739,9.962,-1.2169,-1.0753,-0.1416,-8.115
1.676,-0.2556,-0.428,0.1723,9.874,-1.2169,-1.0769,-0.1401,-8.027
1.685,-0.2556,-0.428,0.1723,9.874,-1.2169,-1.0784,-0.1386,-7.939
1.697,-0.2556,-0.4264,0.1708,9.786,-1.2169,-1.0784,-0.1386,-7.939
1.706,-0.2556,-0.4249,0.1693,9.698,-1.2169,-1.0799,-0.137,-7.851
1.715,-0.2218,-0.4234,0.2015,11.548,-1.1747,-1.0815,-0.0932,-5.343
1.726,-0.2218,-0.4234,0.2015,11.548,-1.1747,-1.0815,-0.0932,-5.343
1.735,-0.2218,-0.4218,0.2,11.46,-1.1747,-1.083,-0.0917,-5.255
1.746,-0.2218,-0.4203,0.1985,11.372,-1.1747,-1.0845,-0.0902,-5.167
1.758,-0.2218,-0.4203,0.1985,11.372,-1.1747,-1.0861,-0.0886,-5.079
1.765,-0.2218,-0.4188,0.1969,11.284,-1.1747,-1.0861,-0.0886,-5.079
1.776,-0.2218,-0.4188,0.1969,11.284,-1.1747,-1.0876,-0.0871,-4.991
1.788,-0.2218,-0.4172,0.1954,11.196,-1.1747,-1.0891,-0.0856,-4.903
1.796,-0.2218,-0.4172,0.1954,11.196,-1.1747,-1.0907,-0.084,-4.815
1.807,-0.2218,-0.4172,0.1954,11.196,-1.1747,-1.0907,-0.084,-4.815
1.815,-0.2218,-0.4157,0.1939,11.108,-1.1747,-1.0922,-0.0825,-4.727
1.828,-0.2218,-0.4142,0.1923,11.021,-1.1747,-1.0922,-0.0825,-4.727
1.836,-0.2218,-0.4126,0.1908,10.933,-1.1747,-1.0922,-0.0825,-4.727
1.846,-0.2218,-0.4126,0.1908,10.933,-1.1747,-1.0937,-0.081,-4.639
1.855,-0.2218,-0.4111,0.1893,10.845,-1.1747,-1.0937,-0.081,-4.639
1.869,-0.2218,-0.4096,0.1877,10.757,-1.1747,-1.0937,-0.081,-4.639
1.875,-0.2218,-0.4096,0.1877,10.757,-1.1747,-1.0953,-0.0794,-4.552
1.885,-0.2218,-0.4096,0.1877,10.757,-1.1747,-1.0953,-0.0794,-4.552
1.896,-0.2218,-0.4096,0.1877,10.757,-1.1747,-1.0953,-0.0794,-4.552
1.905,-0.2218,-0.408,0.1862,10.669,-1.1747,-1.0953,-0.0794,-4.552
1.917,-0.2218,-0.408,0.1862,10.669,-1.1747,-1.0953,-0.0794,-4.552
1.926,-0.2218,-0.405,0.1831,10.493,-1.1747,-1.0953,-0.0794,-4.552
1.936,-0.2233,-0.405,0.1817,10.41,-1.2333,-1.0983,-0.1349,-7.731
1.945,-0.2233,-0.4034,0.1802,10.322,-1.2333,-1.0983,-0.1349,-7.731
1.961,-0.2233,-0.4034,0.1802,10.322,-1.2333,-1.0999,-0.1334,-7.643
1.968,-0.2233,-0.4019,0.1786,10.234,-1.2333,-1.0999,-0.1334,-7.643
1.981,-0.2233,-0.4004,0.1771,10.147,-1.2333,-1.1014,-0.1319,-7.555
1.987,-0.2233,-0.3988,0.1756,10.059,-1.2333,-1.1014,-0.1319,-7.555
1.995,-0.2233,-0.3988,0.1756,10.059,-1.2333,-1.1029,-0.1303,-7.467
2.007,-0.2233,-0.3973,0.174,9.971,-1.2333,-1.1029,-0.1303,-7.467
2.016,-0.2233,-0.3958,0.1725,9.883,-1.2333,-1.1045,-0.1288,-7.379
2.027,-0.2233,-0.3958,0.1725,9.883,-1.2333,-1.1045,-0.1288,-7.379
2.037,-0.2233,-0.3942,0.171,9.795,-1.2333,-1.106,-0.1273,-7.291
2.047,-0.2233,-0.3927,0.1694,9.707,-1.2333,-1.106,-0.1273,-7.291
2.055,-0.2233,-0.3927,0.1694,9.707,-1.2333,-1.106,-0.1273,-7.291
2.065,-0.2233,-0.3912,0.1679,9.619,-1.2333,-1.106,-0.1273,-7.291
2.075,-0.2233,-0.3896,0.1664,9.531,-1.2333,-1.106,-0.1273,-7.291
2.084,-0.2233,-0.3896,0.1664,9.531,-1.2333,-1.106,-0.1273,-7.291
2.098,-0.2233,-0.3881,0.1648,9.443,-1.2333,-1.1075,-0.1257,-7.203
2.105,-0.2233,-0.3866,0.1633,9.356,-1.2333,-1.1075,-0.1257,-7.203
2.118,-0.2233,-0.385,0.1618,9.268,-1.2333,-1.1075,-0.1257,-7.203
2.128,-0.2233,-0.385,0.1618,9.268,-1.2333,-1.1075,-0.1257,-7.203
2.136,-0.2233,-0.3835,0.1602,9.18,-1.2333,-1.1091,-0.1242,-7.115
2.147,-0.2233,-0.3835,0.1602,9.18,-1.2333,-1.1091,-0.1242,-7.115
2.155,-0.2233,-0.382,0.1587,9.092,-1.2333,-1.1106,-0.1227,-7.027
2.165,-0.2233,-0.3804,0.1571,9.004,-1.2333,-1.1106,-0.1227,-7.027
2.184,-0.2233,-0.3789,0.1556,8.916,-1.2333,-1.1106,-0.1227,-7.027
2.19,-0.2233,-0.3774,0.1541,8.828,-1.2333,-1.1121,-0.1211,-6.94
2.197,-0.2233,-0.3774,0.1541,8.828,-1.2333,-1.1121,-0.1211,-6.94
2.206,-0.2233,-0.3758,0.1525,8.74,-1.2333,-1.1137,-0.1196,-6.852
2.216,-0.2233,-0.3743,0.151,8.652,-1.2333,-1.1137,-0.1196,-6.852
2.228,-0.2233,-0.3743,0.151,8.652,-1.2333,-1.1152,-0.118,-6.764
2.238,-0.2233,-0.3728,0.1495,8.565,-1.2333,-1.1152,-0.118,-6.764
2.249,-0.2233,-0.3728,0.1495,8.565,-1.2333,-1.1152,-0.118,-6.764
2.255,-0.2233,-0.3712,0.1479,8.477,-1.2333,-1.1167,-0.1165,-6.676
2.266,-0.2233,-0.3697,0.1464,8.389,-1.2333,-1.1167,-0.1165,-6.676
2.275,-0.2233,-0.3697,0.1464,8.389,-1.2333,-1.1183,-0.115,-6.588
2.284,-0.2233,-0.3697,0.1464,8.389,-1.2333,-1.1183,-0.115,-6.588
2.295,-0.2233,-0.3682,0.1449,8.301,-1.2333,-1.1183,-0.115,-6.588
2.307,-0.2233,-0.3666,0.1433,8.213,-1.2333,-1.1183,-0.115,-6.588
2.315,-0.2233,-0.3666,0.1433,8.213,-1.2333,-1.1198,-0.1134,-6.5
2.33,-0.2233,-0.3651,0.1418,8.125,-1.2333,-1.1198,-0.1134,-6.5
2.335,-0.2233,-0.3636,0.1403,8.037,-1.2333,-1.1213,-0.1119,-6.412
2.348,-0.2233,-0.3636,0.1403,8.037,-1.2333,-1.1213,-0.1119,-6.412
2.356,-0.2233,-0.362,0.1387,7.949,-1.2333,-1.1229,-0.1104,-6.324
2.365,-0.2233,-0.362,0.1387,7.949,-1.2333,-1.1229,-0.1104,-6.324
2.377,-0.2233,-0.3605,0.1372,7.861,-1.2333,-1.1229,-0.1104,-6.324
2.387,-0.2233,-0.359,0.1357,7.774,-1.2333,-1.1244,-0.1088,-6.236
2.4,-0.2233,-0.359,0.1357,7.774,-1.2333,-1.1244,-0.1088,-6.236
2.409,-0.2233,-0.3574,0.1341,7.686,-1.2333,-1.1259,-0.1073,-6.149
2.415,-0.2233,-0.3574,0.1341,7.686,-1.2333,-1.1259,-0.1073,-6.149
2.426,-0.2233,-0.3559,0.1326,7.598,-1.2333,-1.1259,-0.1073,-6.149
2.435,-0.2233,-0.3559,0.1326,7.598,-1.2333,-1.1259,-0.1073,-6.149
2.446,-0.2233,-0.3543,0.1311,7.51,-1.2333,-1.1275,-0.1058,-6.061
2.459,-0.2233,-0.3543,0.1311,7.51,-1.2333,-1.1275,-0.1058,-6.061
2.466,-0.2233,-0.3543,0.1311,7.51,-1.2333,-1.1275,-0.1058,-6.061
2.481,-0.2233,-0.3528,0.1295,7.422,-1.2333,-1.1305,-0.1027,-5.885
2.489,-0.12,-0.3513,0.2313,13.252,-1.1986,-1.1305,-0.068,-3.898
2.499,-0.12,-0.3513,0.2313,13.252,-1.1986,-1.1321,-0.0665,-3.81
2.508,-0.12,-0.3513,0.2313,13.252,-1.1986,-1.1321,-0.0665,-3.81
2.52,-0.12,-0.3497,0.2298,13.165,-1.1986,-1.1336,-0.065,-3.722
2.528,-0.12,-0.3497,0.2298,13.165,-1.1986,-1.1336,-0.065,-3.722
2.535,-0.12,-0.3482,0.2282,13.077,-1.1986,-1.1336,-0.065,-3.722
2.548,-0.12,-0.3482,0.2282,13.077,-1.1986,-1.1351,-0.0634,-3.634
2.561,-0.12,-0.3467,0.2267,12.989,-1.1986,-1.1351,-0.0634,-3.634
2.565,-0.12,-0.3467,0.2267,12.989,-1.1986,-1.1367,-0.0619,-3.546
2.583,-0.12,-0.3451,0.2252,12.901,-1.1986,-1.1382,-0.0604,-3.458
2.587,-0.12,-0.3451,0.2252,12.901,-1.1986,-1.1382,-0.0604,-3.458
2.595,-0.12,-0.3436,0.2236,12.813,-1.1986,-1.1397,-0.0588,-3.371
2.605,-0.12,-0.3421,0.2221,12.725,-1.1986,-1.1397,-0.0588,-3.371
2.615,-0.12,-0.3421,0.2221,12.725,-1.1986,-1.1413,-0.0573,-3.283
2.627,-0.12,-0.3405,0.2206,12.637,-1.1986,-1.1413,-0.0573,-3.283
2.635,-0.12,-0.3405,0.2206,12.637,-1.1986,-1.1413,-0.0573,-3.283
2.645,-0.12,-0.339,0.219,12.549,-1.1986,-1.1428,-0.0558,-3.195
2.658,-0.12,-0.3375,0.2175,12.461,-1.1986,-1.1428,-0.0558,-3.195
2.669,-0.12,-0.3359,0.216,12.374,-1.1986,-1.1428,-0.0558,-3.195
2.683,-0.12,-0.3344,0.2144,12.286,-1.1986,-1.1443,-0.0542,-3.107
2.687,-0.12,-0.3344,0.2144,12.286,-1.1986,-1.1443,-0.0542,-3.107
2.695,-0.1073,-0.3329,0.2255,12.922,-1.2148,-1.1443,-0.0704,-4.036
2.707,-0.1073,-0.3329,0.2255,12.922,-1.2148,-1.1443,-0.0704,-4.036
2.72,-0.1073,-0.3313,0.224,12.834,-1.2148,-1.1459,-0.0689,-3.948
2.726,-0.1073,-0.3313,0.224,12.834,-1.2148,-1.1459,-0.0689,-3.948
2.735,-0.1073,-0.3298,0.2225,12.747,-1.2148,-1.1474,-0.0674,-3.86
2.745,-0.1073,-0.3283,0.2209,12.659,-1.2148,-1.1474,-0.0674,-3.86
2.755,-0.1073,-0.3267,0.2194,12.571,-1.2148,-1.1474,-0.0674,-3.86
2.767,-0.1073,-0.3267,0.2194,12.571,-1.2148,-1.1474,-0.0674,-3.86
2.785,-0.1073,-0.3252,0.2179,12.483,-1.2148,-1.1474,-0.0674,-3.86
2.789,-0.1073,-0.3237,0.2163,12.395,-1.2148,-1.1474,-0.0674,-3.86
2.797,-0.1073,-0.3221,0.2148,12.307,-1.2148,-1.1474,-0.0674,-3.86
2.807,-0.1073,-0.3221,0.2148,12.307,-1.2148,-1.1474,-0.0674,-3.86
2.819,-0.1073,-0.3206,0.2133,12.219,-1.2148,-1.1474,-0.0674,-3.86
2.829,-0.1073,-0.3206,0.2133,12.219,-1.2148,-1.1474,-0.0674,-3.86
2.835,-0.1073,-0.3191,0.2117,12.131,-1.2148,-1.1474,-0.0674,-3.86
2.852,-0.1073,-0.3175,0.2102,12.043,-1.2148,-1.149,-0.0658,-3.772
2.856,-0.1073,-0.3175,0.2102,12.043,-1.2148,-1.149,-0.0658,-3.772
2.866,-0.1073,-0.316,0.2087,11.956,-1.2148,-1.1505,-0.0643,-3.684
2.883,-0.1073,-0.3145,0.2071,11.868,-1.2148,-1.1505,-0.0643,-3.684
2.886,-0.1073,-0.3129,0.2056,11.78,-1.2148,-1.152,-0.0628,-3.596
2.896,-0.1007,-0.3114,0.2107,12.074,-1.2545,-1.152,-0.1025,-5.871
2.905,-0.1007,-0.3099,0.2092,11.986,-1.2545,-1.152,-0.1025,-5.871
2.915,-0.1007,-0.3099,0.2092,11.986,-1.2545,-1.152,-0.1025,-5.871
2.926,-0.1007,-0.3083,0.2077,11.898,-1.2545,-1.1536,-0.1009,-5.783
2.935,-0.1007,-0.3068,0.2061,11.81,-1.2545,-1.1536,-0.1009,-5.783
2.949,-0.1007,-0.3053,0.2046,11.722,-1.2545,-1.1536,-0.1009,-5.783
2.957,-0.1007,-0.3053,0.2046,11.722,-1.2545,-1.1551,-0.0994,-5.695
2.966,-0.1007,-0.3037,0.2031,11.635,-1.2545,-1.1536,-0.1009,-5.783
2.976,-0.1007,-0.3022,0.2015,11.547,-1.2545,-1.1551,-0.0994,-5.695
2.986,-0.1007,-0.3007,0.2,11.459,-1.2545,-1.1551,-0.0994,-5.695
2.995,-0.1007,-0.2991,0.1985,11.371,-1.2545,-1.1551,-0.0994,-5.695
3.007,-0.1007,-0.2976,0.1969,11.283,-1.2545,-1.1551,-0.0994,-5.695
3.016,-0.1007,-0.2961,0.1954,11.195,-1.2545,-1.1551,-0.0994,-5.695
3.025,-0.1007,-0.2945,0.1939,11.107,-1.2545,-1.1551,-0.0994,-5.695
3.036,-0.1007,-0.293,0.1923,11.019,-1.2545,-1.1551,-0.0994,-5.695
3.046,-0.1007,-0.2915,0.1908,10.931,-1.2545,-1.1566,-0.0979,-5.607
3.056,-0.1007,-0.2899,0.1893,10.843,-1.2545,-1.1566,-0.0979,-5.607
3.067,-0.1007,-0.2884,0.1877,10.756,-1.2545,-1.1566,-0.0979,-5.607
3.078,-0.1007,-0.2869,0.1862,10.668,-1.2545,-1.1566,-0.0979,-5.607
3.089,-0.1007,-0.2853,0.1847,10.58,-1.2545,-1.1566,-0.0979,-5.607
3.096,-0.1007,-0.2838,0.1831,10.492,-1.2545,-1.1566,-0.0979,-5.607
3.11,-0.1007,-0.2823,0.1816,10.404,-1.2545,-1.1566,-0.0979,-5.607
3.121,-0.1007,-0.2807,0.18,10.316,-1.2545,-1.1582,-0.0963,-5.519
3.127,-0.1007,-0.2792,0.1785,10.228,-1.2545,-1.1582,-0.0963,-5.519
3.145,-0.1007,-0.2777,0.177,10.14,-1.2545,-1.1582,-0.0963,-5.519
3.151,-0.1007,-0.2761,0.1754,10.052,-1.2545,-1.1582,-0.0963,-5.519
3.157,-0.1007,-0.2746,0.1739,9.965,-1.2545,-1.1582,-0.0963,-5.519
3.165,-0.1007,-0.273,0.1724,9.877,-1.2545,-1.1582,-0.0963,-5.519
3.179,-0.1007,-0.2715,0.1708,9.789,-1.2545,-1.1582,-0.0963,-5.519
3.187,-0.1007,-0.27,0.1693,9.701,-1.2545,-1.1582,-0.0963,-5.519
3.195,-0.1007,-0.2684,0.1678,9.613,-1.2545,-1.1582,-0.0963,-5.519
3.209,-0.1026,-0.2669,0.1643,9.416,-1.3094,-1.1582,-0.1513,-8.667
3.218,-0.1026,-0.2654,0.1628,9.328,-1.3094,-1.1597,-0.1497,-8.579
3.226,-0.1026,-0.2654,0.1628,9.328,-1.3094,-1.1597,-0.1497,-8.579
3.237,-0.1026,-0.2638,0.1613,9.241,-1.3094,-1.1597,-0.1497,-8.579
3.252,-0.1026,-0.2623,0.1597,9.153,-1.3094,-1.1597,-0.1497,-8.579
3.263,-0.1026,-0.2623,0.1597,9.153,-1.3094,-1.1597,-0.1497,-8.579
3.268,-0.1026,-0.2608,0.1582,9.065,-1.3094,-1.1597,-0.1497,-8.579
3.28,-0.1026,-0.2608,0.1582,9.065,-1.3094,-1.1597,-0.1497,-8.579
3.287,-0.1026,-0.2592,0.1567,8.977,-1.3094,-1.1597,-0.1497,-8.579
3.297,-0.1026,-0.2592,0.1567,8.977,-1.3094,-1.1597,-0.1497,-8.579
3.306,-0.1026,-0.2577,0.1551,8.889,-1.3094,-1.1597,-0.1497,-8.579
3.33,-0.1026,-0.2562,0.1536,8.801,-1.3094,-1.1628,-0.1467,-8.403
3.336,-0.1026,-0.2562,0.1536,8.801,-1.3094,-1.1628,-0.1467,-8.403
3.338,-0.1026,-0.2562,0.1536,8.801,-1.3094,-1.1628,-0.1467,-8.403
3.347,-0.1026,-0.2546,0.1521,8.713,-1.3094,-1.1643,-0.1451,-8.315
3.355,-0.1026,-0.2531,0.1505,8.625,-1.3094,-1.1643,-0.1451,-8.315
3.365,-0.1026,-0.2516,0.149,8.537,-1.3094,-1.1643,-0.1451,-8.315
3.376,-0.1026,-0.2516,0.149,8.537,-1.3094,-1.1643,-0.1451,-8.315
3.387,-0.1026,-0.25,0.1475,8.449,-1.3094,-1.1658,-0.1436,-8.227
3.397,-0.1026,-0.25,0.1475,8.449,-1.3094,-1.1658,-0.1436,-8.227
3.405,-0.1026,-0.2485,0.1459,8.362,-1.3094,-1.1658,-0.1436,-8.227
3.415,-0.1026,-0.247,0.1444,8.274,-1.3094,-1.1674,-0.1421,-8.14
3.425,-0.1026,-0.247,0.1444,8.274,-1.3094,-1.1674,-0.1421,-8.14
3.436,-0.1026,-0.2439,0.1413,8.098,-1.3094,-1.1689,-0.1405,-8.052
3.446,-0.0888,-0.2439,0.1551,8.889,-1.3647,-1.1689,-0.1958,-11.219
3.455,-0.0888,-0.2424,0.1536,8.801,-1.3647,-1.1704,-0.1943,-11.131
3.466,-0.0888,-0.2424,0.1536,8.801,-1.3647,-1.1704,-0.1943,-11.131
3.475,-0.0888,-0.2408,0.1521,8.713,-1.3647,-1.172,-0.1927,-11.043
3.487,-0.0888,-0.2393,0.1505,8.625,-1.3647,-1.1735,-0.1912,-10.955
3.497,-0.0888,-0.2393,0.1505,8.625,-1.3647,-1.1735,-0.1912,-10.955
3.505,-0.0888,-0.2378,0.149,8.537,-1.3647,-1.1735,-0.1912,-10.955
3.517,-0.0888,-0.2378,0.149,8.537,-1.3647,-1.1735,-0.1912,-10.955
3.525,-0.0888,-0.2362,0.1475,8.449,-1.3647,-1.175,-0.1897,-10.867
3.537,-0.0888,-0.2362,0.1475,8.449,-1.3647,-1.175,-0.1897,-10.867
3.552,-0.0888,-0.2347,0.1459,8.361,-1.3647,-1.1766,-0.1881,-10.779
3.555,-0.0888,-0.2347,0.1459,8.361,-1.3647,-1.1766,-0.1881,-10.779
3.565,-0.0888,-0.2332,0.1444,8.273,-1.3647,-1.1766,-0.1881,-10.779
3.576,-0.0888,-0.2316,0.1429,8.185,-1.3647,-1.1766,-0.1881,-10.779
3.592,-0.0888,-0.2301,0.1413,8.098,-1.3647,-1.1781,-0.1866,-10.692
3.595,-0.0888,-0.2301,0.1413,8.098,-1.3647,-1.1781,-0.1866,-10.692
3.608,-0.0888,-0.2286,0.1398,8.01,-1.3647,-1.1781,-0.1866,-10.692
3.618,-0.0888,-0.2286,0.1398,8.01,-1.3647,-1.1796,-0.1851,-10.604
3.626,-0.0888,-0.227,0.1383,7.922,-1.3647,-1.1796,-0.1851,-10.604
3.635,-0.0888,-0.2255,0.1367,7.834,-1.3647,-1.1812,-0.1835,-10.516
3.647,-0.0888,-0.2255,0.1367,7.834,-1.3647,-1.1812,-0.1835,-10.516
3.657,-0.0888,-0.224,0.1352,7.746,-1.3647,-1.1827,-0.182,-10.428
3.665,-0.0888,-0.224,0.1352,7.746,-1.3647,-1.1842,-0.1805,-10.34
3.678,-0.0888,-0.2224,0.1337,7.658,-1.3647,-1.1842,-0.1805,-10.34
3.685,-0.0888,-0.2224,0.1337,7.658,-1.3647,-1.1842,-0.1805,-10.34
3.695,-0.0888,-0.2224,0.1337,7.658,-1.3647,-1.1858,-0.1789,-10.252
3.711,-0.0888,-0.2209,0.1321,7.57,-1.3647,-1.1858,-0.1789,-10.252
3.72,-0.0497,-0.2194,0.1696,9.72,-1.3395,-1.1873,-0.1522,-8.722
3.725,-0.0497,-0.2194,0.1696,9.72,-1.3395,-1.1873,-0.1522,-8.722
3.735,-0.0497,-0.2178,0.1681,9.632,-1.3395,-1.1888,-0.1507,-8.634
3.754,-0.0497,-0.2163,0.1666,9.544,-1.3395,-1.1919,-0.1476,-8.458
3.755,-0.0497,-0.2163,0.1666,9.544,-1.3395,-1.1919,-0.1476,-8.458
3.765,-0.0497,-0.2163,0.1666,9.544,-1.3395,-1.1919,-0.1476,-8.458
3.778,-0.0497,-0.2163,0.1666,9.544,-1.3395,-1.1919,-0.1476,-8.458
3.786,-0.0497,-0.2148,0.165,9.456,-1.3395,-1.1934,-0.1461,-8.37
3.798,-0.0497,-0.2148,0.165,9.456,-1.3395,-1.1934,-0.1461,-8.37
3.808,-0.0497,-0.2132,0.1635,9.369,-1.3395,-1.195,-0.1446,-8.282
3.816,-0.0497,-0.2117,0.162,9.281,-1.3395,-1.1965,-0.143,-8.194
3.825,-0.0497,-0.2102,0.1604,9.193,-1.3395,-1.1965,-0.143,-8.194
3.838,-0.0497,-0.2102,0.1604,9.193,-1.3395,-1.198,-0.1415,-8.106
3.849,-0.0497,-0.2086,0.1589,9.105,-1.3395,-1.198,-0.1415,-8.106
3.856,-0.0497,-0.2086,0.1589,9.105,-1.3395,-1.1996,-0.1399,-8.019
3.867,-0.0497,-0.2086,0.1589,9.105,-1.3395,-1.2011,-0.1384,-7.931
3.882,-0.0497,-0.2071,0.1574,9.017,-1.3395,-1.2011,-0.1384,-7.931
3.89,-0.0497,-0.2056,0.1558,8.929,-1.3395,-1.2042,-0.1353,-7.755
3.895,-0.0497,-0.2056,0.1558,8.929,-1.3395,-1.2042,-0.1353,-7.755
3.905,-0.0497,-0.204,0.1543,8.841,-1.3395,-1.2057,-0.1338,-7.667
3.921,-0.0497,-0.204,0.1543,8.841,-1.3395,-1.2057,-0.1338,-7.667
3.925,-0.0497,-0.2025,0.1528,8.753,-1.3395,-1.2072,-0.1323,-7.579
3.935,-0.0497,-0.201,0.1512,8.665,-1.3395,-1.2088,-0.1307,-7.491
3.945,-0.0037,-0.201,0.1973,11.304,-1.2931,-1.2088,-0.0844,-4.833
3.959,-0.0037,-0.1994,0.1958,11.216,-1.2931,-1.2103,-0.0828,-4.745
3.965,-0.0037,-0.1994,0.1958,11.216,-1.2931,-1.2103,-0.0828,-4.745
3.978,-0.0037,-0.1979,0.1942,11.128,-1.2931,-1.2118,-0.0813,-4.657
3.988,-0.0037,-0.1979,0.1942,11.128,-1.2931,-1.2118,-0.0813,-4.657
3.995,-0.0037,-0.1963,0.1927,11.04,-1.2931,-1.2134,-0.0798,-4.57
4.006,-0.0037,-0.1963,0.1927,11.04,-1.2931,-1.2134,-0.0798,-4.57
4.017,-0.0037,-0.1948,0.1912,10.952,-1.2931,-1.2134,-0.0798,-4.57
4.025,-0.0037,-0.1948,0.1912,10.952,-1.2931,-1.2149,-0.0782,-4.482
4.035,-0.0037,-0.1933,0.1896,10.864,-1.2931,-1.2149,-0.0782,-4.482
4.049,-0.0037,-0.1917,0.1881,10.777,-1.2931,-1.2164,-0.0767,-4.394
4.056,-0.0037,-0.1917,0.1881,10.777,-1.2931,-1.2164,-0.0767,-4.394
4.065,-0.0037,-0.1902,0.1866,10.689,-1.2931,-1.2164,-0.0767,-4.394
4.083,-0.0037,-0.1902,0.1866,10.689,-1.2931,-1.2164,-0.0767,-4.394
4.089,-0.0037,-0.1887,0.185,10.601,-1.2931,-1.218,-0.0752,-4.306
4.095,-0.0037,-0.1887,0.185,10.601,-1.2931,-1.218,-0.0752,-4.306
4.105,-0.0037,-0.1871,0.1835,10.513,-1.2931,-1.2195,-0.0736,-4.218
4.117,-0.0037,-0.1871,0.1835,10.513,-1.2931,-1.2195,-0.0736,-4.218
4.125,-0.0037,-0.1856,0.1819,10.425,-1.2931,-1.221,-0.0721,-4.13
4.138,-0.0037,-0.1841,0.1804,10.337,-1.2931,-1.221,-0.0721,-4.13
4.147,-0.0037,-0.1825,0.1789,10.249,-1.2931,-1.221,-0.0721,-4.13
4.162,0.0255,-0.1825,0.2081,11.922,-1.2873,-1.2226,-0.0647,-3.708
4.166,0.0255,-0.1825,0.2081,11.922,-1.2873,-1.2226,-0.0647,-3.708
4.192,0.0255,-0.181,0.2065,11.834,-1.2873,-1.2226,-0.0647,-3.708
4.195,0.0255,-0.1795,0.205,11.747,-1.2873,-1.2241,-0.0632,-3.62
4.202,0.0255,-0.1779,0.2035,11.659,-1.2873,-1.2257,-0.0616,-3.532
4.208,0.0255,-0.1779,0.2035,11.659,-1.2873,-1.2257,-0.0616,-3.532
4.218,0.0255,-0.1779,0.2035,11.659,-1.2873,-1.2257,-0.0616,-3.532
4.235,0.0255,-0.1764,0.2019,11.571,-1.2873,-1.2257,-0.0616,-3.532
4.237,0.0255,-0.1764,0.2019,11.571,-1.2873,-1.2257,-0.0616,-3.532
4.246,0.0255,-0.1749,0.2004,11.483,-1.2873,-1.2257,-0.0616,-3.532
4.261,0.0255,-0.1749,0.2004,11.483,-1.2873,-1.2257,-0.0616,-3.532
4.268,0.0255,-0.1733,0.1989,11.395,-1.2873,-1.2272,-0.0601,-3.444
4.285,0.0255,-0.1718,0.1973,11.307,-1.2873,-1.2272,-0.0601,-3.444
4.29,0.0255,-0.1703,0.1958,11.219,-1.2873,-1.2272,-0.0601,-3.444
4.295,0.0255,-0.1703,0.1958,11.219,-1.2873,-1.2287,-0.0586,-3.356
4.306,0.0255,-0.1687,0.1943,11.131,-1.2873,-1.2287,-0.0586,-3.356
4.319,0.0255,-0.1687,0.1943,11.131,-1.2873,-1.2287,-0.0586,-3.356
4.326,0.0255,-0.1672,0.1927,11.043,-1.2873,-1.2303,-0.057,-3.268
4.336,0.0255,-0.1672,0.1927,11.043,-1.2873,-1.2303,-0.057,-3.268
4.345,0.0255,-0.1657,0.1912,10.956,-1.2873,-1.2303,-0.057,-3.268
4.355,0.0255,-0.1641,0.1897,10.868,-1.2873,-1.2318,-0.0555,-3.18
4.365,0.0255,-0.1626,0.1881,10.78,-1.2873,-1.2318,-0.0555,-3.18
4.379,0.0255,-0.1626,0.1881,10.78,-1.2873,-1.2318,-0.0555,-3.18
4.385,0.0255,-0.1611,0.1866,10.692,-1.2873,-1.2318,-0.0555,-3.18
4.395,0.0519,-0.1595,0.2115,12.117,-1.2917,-1.2318,-0.06,-3.435
4.405,0.0519,-0.158,0.2099,12.029,-1.2917,-1.2318,-0.06,-3.435
4.417,0.0519,-0.158,0.2099,12.029,-1.2917,-1.2318,-0.06,-3.435
4.427,0.0519,-0.158,0.2099,12.029,-1.2917,-1.2318,-0.06,-3.435
4.435,0.0519,-0.1565,0.2084,11.941,-1.2917,-1.2318,-0.06,-3.435
4.45,0.0519,-0.1549,0.2069,11.853,-1.2917,-1.2318,-0.06,-3.435
4.457,0.0519,-0.1534,0.2053,11.765,-1.2917,-1.2318,-0.06,-3.435
4.47,0.0519,-0.1519,0.2038,11.677,-1.2917,-1.2318,-0.06,-3.435
4.478,0.0519,-0.1503,0.2023,11.589,-1.2917,-1.2318,-0.06,-3.435
4.489,0.0519,-0.1503,0.2023,11.589,-1.2917,-1.2333,-0.0584,-3.347
4.497,0.0519,-0.1488,0.2007,11.502,-1.2917,-1.2333,-0.0584,-3.347
4.505,0.0519,-0.1457,0.1977,11.326,-1.2917,-1.2333,-0.0584,-3.347
4.518,0.0519,-0.1457,0.1977,11.326,-1.2917,-1.2349,-0.0569,-3.259
4.526,0.0519,-0.1442,0.1961,11.238,-1.2917,-1.2349,-0.0569,-3.259
4.537,0.0519,-0.1427,0.1946,11.15,-1.2917,-1.2349,-0.0569,-3.259
4.545,0.0519,-0.1411,0.1931,11.062,-1.2917,-1.2349,-0.0569,-3.259
4.555,0.0519,-0.1411,0.1931,11.062,-1.2917,-1.2349,-0.0569,-3.259
4.568,0.0519,-0.1396,0.1915,10.974,-1.2917,-1.2349,-0.0569,-3.259
4.579,0.0519,-0.1381,0.19,10.886,-1.2917,-1.2349,-0.0569,-3.259
4.585,0.0519,-0.1365,0.1885,10.798,-1.2917,-1.2349,-0.0569,-3.259
4.595,0.0519,-0.1365,0.1885,10.798,-1.2917,-1.2349,-0.0569,-3.259
4.605,0.0519,-0.135,0.1869,10.711,-1.2917,-1.2349,-0.0569,-3.259
4.618,0.0519,-0.1335,0.1854,10.623,-1.2917,-1.2349,-0.0569,-3.259
4.625,0.0519,-0.1335,0.1854,10.623,-1.2917,-1.2364,-0.0554,-3.172
4.635,0.0519,-0.1319,0.1839,10.535,-1.2917,-1.2349,-0.0569,-3.259
4.65,0.0519,-0.1304,0.1823,10.447,-1.2917,-1.2364,-0.0554,-3.172
4.656,0.0519,-0.1289,0.1808,10.359,-1.2917,-1.2364,-0.0554,-3.172
4.666,0.0519,-0.1273,0.1793,10.271,-1.2917,-1.2364,-0.0554,-3.172
4.682,0.0674,-0.1258,0.1932,11.069,-1.3184,-1.2364,-0.0821,-4.702
4.685,0.0674,-0.1243,0.1917,10.981,-1.3184,-1.2364,-0.0821,-4.702
4.695,0.0674,-0.1243,0.1917,10.981,-1.3184,-1.2364,-0.0821,-4.702
4.707,0.0674,-0.1227,0.1901,10.893,-1.3184,-1.2364,-0.0821,-4.702
4.72,0.0674,-0.1212,0.1886,10.805,-1.3184,-1.2379,-0.0805,-4.614
4.725,0.0674,-0.1212,0.1886,10.805,-1.3184,-1.2379,-0.0805,-4.614
4.735,0.0674,-0.1197,0.1871,10.717,-1.3184,-1.2379,-0.0805,-4.614
4.749,0.0674,-0.1166,0.184,10.541,-1.3184,-1.2379,-0.0805,-4.614
4.755,0.0674,-0.1166,0.184,10.541,-1.3184,-1.2379,-0.0805,-4.614
4.766,0.0674,-0.115,0.1824,10.454,-1.3184,-1.2379,-0.0805,-4.614
4.782,0.0674,-0.1135,0.1809,10.366,-1.3184,-1.2379,-0.0805,-4.614
4.787,0.0674,-0.112,0.1794,10.278,-1.3184,-1.2379,-0.0805,-4.614
4.795,0.0674,-0.112,0.1794,10.278,-1.3184,-1.2379,-0.0805,-4.614
4.805,0.0674,-0.1104,0.1778,10.19,-1.3184,-1.2379,-0.0805,-4.614
4.818,0.0674,-0.1074,0.1748,10.014,-1.3184,-1.2379,-0.0805,-4.614
4.827,0.0674,-0.1074,0.1748,10.014,-1.3184,-1.2379,-0.0805,-4.614
4.836,0.0674,-0.1058,0.1732,9.926,-1.3184,-1.2379,-0.0805,-4.614
4.847,0.0674,-0.1043,0.1717,9.838,-1.3184,-1.2379,-0.0805,-4.614
4.858,0.0674,-0.1012,0.1686,9.663,-1.3184,-1.2379,-0.0805,-4.614
4.865,0.0674,-0.1012,0.1686,9.663,-1.3184,-1.2395,-0.079,-4.526
4.877,0.0674,-0.0982,0.1656,9.487,-1.3184,-1.2395,-0.079,-4.526
4.888,0.0674,-0.0966,0.164,9.399,-1.3184,-1.2395,-0.079,-4.526
4.895,0.0674,-0.0951,0.1625,9.311,-1.3184,-1.2395,-0.079,-4.526
4.914,0.0674,-0.0936,0.161,9.223,-1.3184,-1.2395,-0.079,-4.526
4.919,0.0674,-0.092,0.1594,9.135,-1.3184,-1.241,-0.0775,-4.438
4.926,0.0674,-0.0905,0.1579,9.047,-1.3184,-1.241,-0.0775,-4.438
4.936,0.1031,-0.089,0.1921,11.005,-1.3519,-1.241,-0.1109,-6.353
4.949,0.1031,-0.0874,0.1905,10.917,-1.3519,-1.241,-0.1109,-6.353
4.955,0.1031,-0.0874,0.1905,10.917,-1.3519,-1.241,-0.1109,-6.353
4.966,0.1031,-0.0874,0.1905,10.917,-1.3519,-1.241,-0.1109,-6.353
4.982,0.1031,-0.0859,0.189,10.829,-1.3519,-1.241,-0.1109,-6.353
4.987,0.1031,-0.0859,0.189,10.829,-1.3519,-1.241,-0.1109,-6.353
4.996,0.1031,-0.0844,0.1875,10.741,-1.3519,-1.241,-0.1109,-6.353
5.008,0.1031,-0.0844,0.1875,10.741,-1.3519,-1.241,-0.1109,-6.353
5.019,0.1031,-0.0828,0.1859,10.653,-1.3519,-1.241,-0.1109,-6.353
5.028,0.1031,-0.0828,0.1859,10.653,-1.3519,-1.241,-0.1109,-6.353
5.037,0.1031,-0.0813,0.1844,10.566,-1.3519,-1.241,-0.1109,-6.353
5.051,0.1031,-0.0813,0.1844,10.566,-1.3519,-1.241,-0.1109,-6.353
5.055,0.1031,-0.0798,0.1829,10.478,-1.3519,-1.241,-0.1109,-6.353
5.068,0.1031,-0.0798,0.1829,10.478,-1.3519,-1.2425,-0.1094,-6.265
5.087,0.1031,-0.0782,0.1813,10.39,-1.3519,-1.2425,-0.1094,-6.265
5.092,0.1031,-0.0782,0.1813,10.39,-1.3519,-1.2425,-0.1094,-6.265
5.096,0.1031,-0.0767,0.1798,10.302,-1.3519,-1.2441,-0.1078,-6.178
5.108,0.1031,-0.0752,0.1783,10.214,-1.3519,-1.2456,-0.1063,-6.09
5.121,0.1031,-0.0752,0.1783,10.214,-1.3519,-1.2471,-0.1047,-6.002
5.128,0.1031,-0.0736,0.1767,10.126,-1.3519,-1.2471,-0.1047,-6.002
5.136,0.1031,-0.0721,0.1752,10.038,-1.3519,-1.2487,-0.1032,-5.914
5.149,0.1031,-0.0706,0.1737,9.95,-1.3519,-1.2487,-0.1032,-5.914
5.158,0.1031,-0.069,0.1721,9.862,-1.3519,-1.2502,-0.1017,-5.826
5.168,0.1203,-0.069,0.1894,10.85,-1.3448,-1.2502,-0.0947,-5.423
5.181,0.1203,-0.0675,0.1878,10.762,-1.3448,-1.2502,-0.0947,-5.423
5.186,0.1203,-0.0675,0.1878,10.762,-1.3448,-1.2502,-0.0947,-5.423
5.195,0.1203,-0.0644,0.1848,10.586,-1.3448,-1.2533,-0.0916,-5.247
5.205,0.1203,-0.0644,0.1848,10.586,-1.3448,-1.2533,-0.0916,-5.247
5.219,0.1203,-0.0614,0.1817,10.41,-1.3448,-1.2533,-0.0916,-5.247
5.226,0.1203,-0.0614,0.1817,10.41,-1.3448,-1.2548,-0.0901,-5.16
5.236,0.1203,-0.0598,0.1802,10.322,-1.3448,-1.2548,-0.0901,-5.16
5.248,0.1203,-0.0583,0.1786,10.235,-1.3448,-1.2548,-0.0901,-5.16
5.256,0.1203,-0.0568,0.1771,10.147,-1.3448,-1.2533,-0.0916,-5.247
5.265,0.1203,-0.0568,0.1771,10.147,-1.3448,-1.2548,-0.0901,-5.16
5.275,0.1203,-0.0552,0.1756,10.059,-1.3448,-1.2548,-0.0901,-5.16
5.285,0.1203,-0.0537,0.174,9.971,-1.3448,-1.2548,-0.0901,-5.16
5.295,0.1203,-0.0537,0.174,9.971,-1.3448,-1.2548,-0.0901,-5.16
5.305,0.1203,-0.0522,0.1725,9.883,-1.3448,-1.2548,-0.0901,-5.16
5.315,0.1203,-0.0522,0.1725,9.883,-1.3448,-1.2533,-0.0916,-5.247
5.325,0.1203,-0.0506,0.171,9.795,-1.3448,-1.2548,-0.0901,-5.16
5.335,0.1203,-0.0491,0.1694,9.707,-1.3448,-1.2548,-0.0901,-5.16
5.345,0.1203,-0.0476,0.1679,9.619,-1.3448,-1.2548,-0.0901,-5.16
5.355,0.1203,-0.0476,0.1679,9.619,-1.3448,-1.2548,-0.0901,-5.16
5.365,0.1203,-0.0476,0.1679,9.619,-1.3448,-1.2548,-0.0901,-5.16
5.376,0.1203,-0.046,0.1664,9.531,-1.3448,-1.2548,-0.0901,-5.16
5.389,0.1295,-0.046,0.1755,10.054,-1.3452,-1.2548,-0.0904,-5.179
5.397,0.1295,-0.0445,0.1739,9.966,-1.3452,-1.2563,-0.0888,-5.091
5.405,0.1295,-0.043,0.1724,9.878,-1.3452,-1.2563,-0.0888,-5.091
5.415,0.1295,-0.0414,0.1709,9.791,-1.3452,-1.2579,-0.0873,-5.003
5.427,0.1295,-0.0414,0.1709,9.791,-1.3452,-1.2594,-0.0858,-4.915
5.436,0.1295,-0.0399,0.1693,9.703,-1.3452,-1.2594,-0.0858,-4.915
5.445,0.1295,-0.0399,0.1693,9.703,-1.3452,-1.2594,-0.0858,-4.915
5.456,0.1295,-0.0383,0.1678,9.615,-1.3452,-1.2609,-0.0842,-4.827
5.465,0.1295,-0.0368,0.1663,9.527,-1.3452,-1.2609,-0.0842,-4.827
5.478,0.1295,-0.0368,0.1663,9.527,-1.3452,-1.2609,-0.0842,-4.827
5.486,0.1295,-0.0353,0.1647,9.439,-1.3452,-1.2609,-0.0842,-4.827
5.496,0.1295,-0.0353,0.1647,9.439,-1.3452,-1.2609,-0.0842,-4.827
5.506,0.1295,-0.0337,0.1632,9.351,-1.3452,-1.2609,-0.0842,-4.827
5.515,0.1295,-0.0337,0.1632,9.351,-1.3452,-1.2609,-0.0842,-4.827
5.528,0.1295,-0.0307,0.1601,9.175,-1.3452,-1.2609,-0.0842,-4.827
5.535,0.1295,-0.0307,0.1601,9.175,-1.3452,-1.2625,-0.0827,-4.739
5.545,0.1295,-0.0291,0.1586,9.087,-1.3452,-1.2625,-0.0827,-4.739
5.555,0.1295,-0.0276,0.1571,9.0,-1.3452,-1.2625,-0.0827,-4.739
5.566,0.1295,-0.0261,0.1555,8.912,-1.3452,-1.2609,-0.0842,-4.827
5.578,0.1295,-0.0261,0.1555,8.912,-1.3452,-1.2609,-0.0842,-4.827
5.586,0.1295,-0.0245,0.154,8.824,-1.3452,-1.2625,-0.0827,-4.739
5.596,0.1295,-0.023,0.1525,8.736,-1.3452,-1.2625,-0.0827,-4.739
5.606,0.1295,-0.0215,0.1509,8.648,-1.3452,-1.2625,-0.0827,-4.739
5.617,0.1295,-0.0215,0.1509,8.648,-1.3452,-1.2625,-0.0827,-4.739
5.629,0.1586,-0.0184,0.177,10.14,-1.328,-1.2625,-0.0655,-3.754
5.635,0.1586,-0.0184,0.177,10.14,-1.328,-1.2625,-0.0655,-3.754
5.646,0.1586,-0.0169,0.1754,10.052,-1.328,-1.2625,-0.0655,-3.754
5.656,0.1586,-0.0153,0.1739,9.964,-1.328,-1.2625,-0.0655,-3.754
5.665,0.1586,-0.0153,0.1739,9.964,-1.328,-1.2625,-0.0655,-3.754
5.675,0.1586,-0.0138,0.1724,9.876,-1.328,-1.264,-0.064,-3.666
5.685,0.1586,-0.0138,0.1724,9.876,-1.328,-1.264,-0.064,-3.666
5.696,0.1586,-0.0123,0.1708,9.788,-1.328,-1.2655,-0.0624,-3.578
5.705,0.1586,-0.0107,0.1693,9.701,-1.328,-1.2655,-0.0624,-3.578
5.716,0.1586,-0.0107,0.1693,9.701,-1.328,-1.2655,-0.0624,-3.578
5.726,0.1586,-0.0092,0.1678,9.613,-1.328,-1.2655,-0.0624,-3.578
5.735,0.1586,-0.0092,0.1678,9.613,-1.328,-1.2655,-0.0624,-3.578
5.745,0.1586,-0.0077,0.1662,9.525,-1.328,-1.2671,-0.0609,-3.49
5.755,0.1586,-0.0061,0.1647,9.437,-1.328,-1.2655,-0.0624,-3.578
5.765,0.1586,-0.0061,0.1647,9.437,-1.328,-1.2655,-0.0624,-3.578
5.775,0.1586,-0.0046,0.1632,9.349,-1.328,-1.2671,-0.0609,-3.49
5.785,0.1586,-0.0046,0.1632,9.349,-1.328,-1.2671,-0.0609,-3.49
5.796,0.1586,-0.0046,0.1632,9.349,-1.328,-1.2671,-0.0609,-3.49
5.806,0.1586,-0.0046,0.1632,9.349,-1.328,-1.2671,-0.0609,-3.49
5.815,0.1586,-0.0031,0.1616,9.261,-1.328,-1.2671,-0.0609,-3.49
5.827,0.1586,-0.0031,0.1616,9.261,-1.328,-1.2686,-0.0594,-3.402
5.838,0.1823,-0.0015,0.1839,10.534,-1.3304,-1.2686,-0.0618,-3.542
5.847,0.1823,0.0,0.1823,10.446,-1.3304,-1.2686,-0.0618,-3.542
5.855,0.1823,0.0015,0.1808,10.358,-1.3304,-1.2701,-0.0603,-3.454
5.868,0.1823,0.0031,0.1793,10.27,-1.3304,-1.2717,-0.0588,-3.367
5.875,0.1823,0.0046,0.1777,10.182,-1.3304,-1.2717,-0.0588,-3.367
5.885,0.1823,0.0061,0.1762,10.095,-1.3304,-1.2732,-0.0572,-3.279
5.895,0.1823,0.0061,0.1762,10.095,-1.3304,-1.2732,-0.0572,-3.279
5.905,0.1823,0.0077,0.1746,10.007,-1.3304,-1.2732,-0.0572,-3.279
5.916,0.1823,0.0092,0.1731,9.919,-1.3304,-1.2732,-0.0572,-3.279
5.925,0.1823,0.0107,0.1716,9.831,-1.3304,-1.2732,-0.0572,-3.279
5.937,0.1823,0.0107,0.1716,9.831,-1.3304,-1.2732,-0.0572,-3.279
5.947,0.1823,0.0123,0.17,9.743,-1.3304,-1.2747,-0.0557,-3.191
5.955,0.1823,0.0138,0.1685,9.655,-1.3304,-1.2747,-0.0557,-3.191
5.966,0.1823,0.0153,0.167,9.567,-1.3304,-1.2747,-0.0557,-3.191
5.976,0.1823,0.0153,0.167,9.567,-1.3304,-1.2747,-0.0557,-3.191
5.985,0.1823,0.0169,0.1654,9.479,-1.3304,-1.2747,-0.0557,-3.191
5.999,0.1823,0.0184,0.1639,9.391,-1.3304,-1.2763,-0.0542,-3.103
6.006,0.1823,0.0199,0.1624,9.304,-1.3304,-1.2763,-0.0542,-3.103
6.016,0.1823,0.0199,0.1624,9.304,-1.3304,-1.2763,-0.0542,-3.103
6.026,0.1823,0.0215,0.1608,9.216,-1.3304,-1.2763,-0.0542,-3.103
6.037,0.1823,0.0215,0.1608,9.216,-1.3304,-1.2763,-0.0542,-3.103
6.045,0.1823,0.023,0.1593,9.128,-1.3895,-1.2763,-0.1132,-6.486
6.055,0.1823,0.023,0.1593,9.128,-1.3895,-1.2763,-0.1132,-6.486
6.066,0.1823,0.0261,0.1562,8.952,-1.3895,-1.2763,-0.1132,-6.486
6.075,0.1823,0.0276,0.1547,8.864,-1.3895,-1.2763,-0.1132,-6.486
6.086,0.1823,0.0291,0.1532,8.777,-1.3895,-1.2763,-0.1132,-6.486
6.095,0.1823,0.0307,0.1516,8.689,-1.3895,-1.2763,-0.1132,-6.486
6.105,0.1823,0.0307,0.1516,8.689,-1.3895,-1.2763,-0.1132,-6.486
6.115,0.1823,0.0322,0.1501,8.601,-1.3895,-1.2763,-0.1132,-6.486
6.127,0.1823,0.0337,0.1486,8.513,-1.3895,-1.2763,-0.1132,-6.486
6.135,0.1823,0.0337,0.1486,8.513,-1.3895,-1.2763,-0.1132,-6.486
6.145,0.1823,0.0353,0.147,8.425,-1.3895,-1.2763,-0.1132,-6.486
6.155,0.1823,0.0353,0.147,8.425,-1.3895,-1.2763,-0.1132,-6.486
6.165,0.1823,0.0353,0.147,8.425,-1.3895,-1.2763,-0.1132,-6.486
6.175,0.1823,0.0353,0.147,8.425,-1.3895,-1.2763,-0.1132,-6.486
6.186,0.1823,0.0368,0.1455,8.337,-1.3895,-1.2763,-0.1132,-6.486
6.195,0.1823,0.0383,0.144,8.249,-1.3895,-1.2763,-0.1132,-6.486
6.205,0.1823,0.0383,0.144,8.249,-1.3895,-1.2763,-0.1132,-6.486
6.215,0.1823,0.0399,0.1424,8.161,-1.3895,-1.2763,-0.1132,-6.486
6.225,0.1823,0.0414,0.1409,8.073,-1.3895,-1.2763,-0.1132,-6.486
6.237,0.1823,0.043,0.1394,7.986,-1.3895,-1.2763,-0.1132,-6.486
6.248,0.193,0.0445,0.1485,8.51,-1.3882,-1.2763,-0.1119,-6.412
6.256,0.193,0.046,0.147,8.422,-1.3882,-1.2763,-0.1119,-6.412
6.265,0.193,0.046,0.147,8.422,-1.3882,-1.2778,-0.1104,-6.324
6.275,0.193,0.0476,0.1455,8.334,-1.3882,-1.2778,-0.1104,-6.324
6.285,0.193,0.0476,0.1455,8.334,-1.3882,-1.2778,-0.1104,-6.324
6.295,0.193,0.0491,0.1439,8.246,-1.3882,-1.2778,-0.1104,-6.324
6.306,0.193,0.0491,0.1439,8.246,-1.3882,-1.2778,-0.1104,-6.324
6.315,0.193,0.0491,0.1439,8.246,-1.3882,-1.2793,-0.1088,-6.236
6.325,0.193,0.0506,0.1424,8.158,-1.3882,-1.2793,-0.1088,-6.236
6.335,0.193,0.0522,0.1409,8.07,-1.3882,-1.2793,-0.1088,-6.236
6.349,0.193,0.0537,0.1393,7.983,-1.3882,-1.2793,-0.1088,-6.236
6.355,0.193,0.0552,0.1378,7.895,-1.3882,-1.2793,-0.1088,-6.236
6.365,0.193,0.0568,0.1363,7.807,-1.3882,-1.2809,-0.1073,-6.148
6.379,0.193,0.0583,0.1347,7.719,-1.3882,-1.2809,-0.1073,-6.148
6.388,0.193,0.0583,0.1347,7.719,-1.3882,-1.2809,-0.1073,-6.148
6.395,0.193,0.0598,0.1332,7.631,-1.3882,-1.2809,-0.1073,-6.148
6.405,0.193,0.0598,0.1332,7.631,-1.3882,-1.2809,-0.1073,-6.148
6.417,0.193,0.0614,0.1317,7.543,-1.3882,-1.2809,-0.1073,-6.148
6.425,0.193,0.0629,0.1301,7.455,-1.3882,-1.2809,-0.1073,-6.148
6.435,0.193,0.0629,0.1301,7.455,-1.3882,-1.2809,-0.1073,-6.148
6.446,0.193,0.0629,0.1301,7.455,-1.3882,-1.2809,-0.1073,-6.148
6.458,0.193,0.0644,0.1286,7.367,-1.3882,-1.2809,-0.1073,-6.148
6.465,0.193,0.066,0.127,7.279,-1.3882,-1.2824,-0.1058,-6.06
6.483,0.193,0.066,0.127,7.279,-1.3882,-1.2824,-0.1058,-6.06
6.489,0.193,0.0675,0.1255,7.191,-1.3882,-1.2824,-0.1058,-6.06
6.498,0.193,0.0675,0.1255,7.191,-1.3882,-1.2824,-0.1058,-6.06
6.505,0.2022,0.069,0.1332,7.631,-1.4383,-1.2824,-0.1559,-8.93
6.521,0.2022,0.0706,0.1317,7.543,-1.4383,-1.2824,-0.1559,-8.93
6.525,0.2022,0.0706,0.1317,7.543,-1.4383,-1.2824,-0.1559,-8.93
6.535,0.2022,0.0721,0.1301,7.456,-1.4383,-1.2824,-0.1559,-8.93
6.552,0.2022,0.0752,0.1271,7.28,-1.4383,-1.2824,-0.1559,-8.93
6.556,0.2022,0.0752,0.1271,7.28,-1.4383,-1.2839,-0.1543,-8.842
6.566,0.2022,0.0767,0.1255,7.192,-1.4383,-1.2824,-0.1559,-8.93
6.583,0.2022,0.0782,0.124,7.104,-1.4383,-1.2824,-0.1559,-8.93
6.588,0.2022,0.0798,0.1225,7.016,-1.4383,-1.2839,-0.1543,-8.842
6.596,0.2022,0.0798,0.1225,7.016,-1.4383,-1.2839,-0.1543,-8.842
6.606,0.2022,0.0813,0.1209,6.928,-1.4383,-1.2839,-0.1543,-8.842
6.619,0.2022,0.0813,0.1209,6.928,-1.4383,-1.2824,-0.1559,-8.93
6.626,0.2022,0.0828,0.1194,6.84,-1.4383,-1.2839,-0.1543,-8.842
6.635,0.2022,0.0844,0.1179,6.752,-1.4383,-1.2839,-0.1543,-8.842
6.652,0.2022,0.0859,0.1163,6.664,-1.4383,-1.2839,-0.1543,-8.842
6.655,0.2022,0.0859,0.1163,6.664,-1.4383,-1.2839,-0.1543,-8.842
6.665,0.2022,0.0874,0.1148,6.577,-1.4383,-1.2839,-0.1543,-8.842
6.678,0.2022,0.0874,0.1148,6.577,-1.4383,-1.2839,-0.1543,-8.842
6.686,0.2022,0.089,0.1132,6.489,-1.4383,-1.2839,-0.1543,-8.842
6.696,0.2022,0.0905,0.1117,6.401,-1.4383,-1.2855,-0.1528,-8.754
6.722,0.2022,0.092,0.1102,6.313,-1.4383,-1.2855,-0.1528,-8.754
6.723,0.2225,0.0936,0.129,7.389,-1.4675,-1.287,-0.1805,-10.343
6.725,0.2225,0.0936,0.129,7.389,-1.4675,-1.287,-0.1805,-10.343
6.735,0.2225,0.0951,0.1274,7.301,-1.4675,-1.287,-0.1805,-10.343
6.751,0.2225,0.0966,0.1259,7.213,-1.4675,-1.287,-0.1805,-10.343
6.755,0.2225,0.0982,0.1244,7.126,-1.4675,-1.287,-0.1805,-10.343
6.767,0.2225,0.0997,0.1228,7.038,-1.4675,-1.2885,-0.179,-10.255
6.775,0.2225,0.1012,0.1213,6.95,-1.4675,-1.2901,-0.1775,-10.168
6.786,0.2225,0.1028,0.1198,6.862,-1.4675,-1.2916,-0.1759,-10.08
6.795,0.2225,0.1043,0.1182,6.774,-1.4675,-1.2916,-0.1759,-10.08
6.805,0.2225,0.1043,0.1182,6.774,-1.4675,-1.2931,-0.1744,-9.992
6.824,0.2225,0.1058,0.1167,6.686,-1.4675,-1.2947,-0.1729,-9.904
6.83,0.2225,0.1058,0.1167,6.686,-1.4675,-1.2962,-0.1713,-9.816
6.837,0.2225,0.1074,0.1152,6.598,-1.4675,-1.2962,-0.1713,-9.816
6.852,0.2225,0.1089,0.1136,6.51,-1.4675,-1.2977,-0.1698,-9.728
6.856,0.2225,0.1089,0.1136,6.51,-1.4675,-1.2977,-0.1698,-9.728
6.869,0.2225,0.1089,0.1136,6.51,-1.4675,-1.2977,-0.1698,-9.728
6.88,0.2225,0.1089,0.1136,6.51,-1.4675,-1.2993,-0.1683,-9.64
6.885,0.2225,0.1104,0.1121,6.422,-1.4675,-1.2993,-0.1683,-9.64
6.895,0.2225,0.1104,0.1121,6.422,-1.4675,-1.3023,-0.1652,-9.464
6.905,0.2225,0.112,0.1106,6.335,-1.4675,-1.3023,-0.1652,-9.464
6.92,0.2225,0.112,0.1106,6.335,-1.4675,-1.3023,-0.1652,-9.464
6.926,0.2225,0.1135,0.109,6.247,-1.4675,-1.3023,-0.1652,-9.464
6.937,0.2225,0.1135,0.109,6.247,-1.4675,-1.3039,-0.1637,-9.377
6.948,0.2225,0.115,0.1075,6.159,-1.4675,-1.3054,-0.1621,-9.289
6.957,0.2225,0.115,0.1075,6.159,-1.4675,-1.307,-0.1606,-9.201
6.965,0.2508,0.115,0.1357,7.776,-1.4826,-1.307,-0.1756,-10.062
6.976,0.2508,0.115,0.1357,7.776,-1.4826,-1.307,-0.1756,-10.062
6.985,0.2508,0.1166,0.1342,7.688,-1.4826,-1.3085,-0.1741,-9.974
6.996,0.2508,0.1166,0.1342,7.688,-1.4826,-1.3085,-0.1741,-9.974
7.005,0.2508,0.1181,0.1327,7.6,-1.4826,-1.3085,-0.1741,-9.974
7.015,0.2508,0.1181,0.1327,7.6,-1.4826,-1.31,-0.1725,-9.886
7.027,0.2508,0.1181,0.1327,7.6,-1.4826,-1.3116,-0.171,-9.798
7.035,0.2508,0.1197,0.1311,7.513,-1.4826,-1.3116,-0.171,-9.798
7.047,0.2508,0.1197,0.1311,7.513,-1.4826,-1.3131,-0.1695,-9.71
7.055,0.2508,0.1197,0.1311,7.513,-1.4826,-1.3131,-0.1695,-9.71
7.067,0.2508,0.1212,0.1296,7.425,-1.4826,-1.3146,-0.1679,-9.622
7.075,0.2508,0.1212,0.1296,7.425,-1.4826,-1.3146,-0.1679,-9.622
7.088,0.2508,0.1227,0.128,7.337,-1.4826,-1.3146,-0.1679,-9.622
7.096,0.2508,0.1227,0.128,7.337,-1.4826,-1.3146,-0.1679,-9.622
7.105,0.2508,0.1243,0.1265,7.249,-1.4826,-1.3162,-0.1664,-9.535
7.12,0.2508,0.1258,0.125,7.161,-1.4826,-1.3177,-0.1649,-9.447
7.127,0.2508,0.1273,0.1234,7.073,-1.4826,-1.3192,-0.1633,-9.359
7.136,0.2508,0.1289,0.1219,6.985,-1.4826,-1.3192,-0.1633,-9.359
7.151,0.2508,0.1304,0.1204,6.897,-1.4826,-1.3208,-0.1618,-9.271
7.156,0.2508,0.1319,0.1188,6.809,-1.4826,-1.3208,-0.1618,-9.271
7.168,0.2508,0.1319,0.1188,6.809,-1.4826,-1.3223,-0.1603,-9.183
7.175,0.2508,0.1335,0.1173,6.721,-1.4826,-1.3223,-0.1603,-9.183
7.185,0.2508,0.135,0.1158,6.634,-1.4826,-1.3238,-0.1587,-9.095
7.198,0.2508,0.135,0.1158,6.634,-1.4826,-1.3254,-0.1572,-9.007
7.208,0.2771,0.1365,0.1406,8.056,-1.4634,-1.3254,-0.1381,-7.91
7.216,0.2771,0.1365,0.1406,8.056,-1.4634,-1.3269,-0.1365,-7.822
7.226,0.2771,0.1381,0.1391,7.968,-1.4634,-1.3269,-0.1365,-7.822
7.235,0.2771,0.1381,0.1391,7.968,-1.4634,-1.3284,-0.135,-7.734
7.246,0.2771,0.1396,0.1375,7.88,-1.4634,-1.3284,-0.135,-7.734
7.256,0.2771,0.1396,0.1375,7.88,-1.4634,-1.33,-0.1335,-7.646
7.268,0.2771,0.1396,0.1375,7.88,-1.4634,-1.33,-0.1335,-7.646
7.278,0.2771,0.1396,0.1375,7.88,-1.4634,-1.33,-0.1335,-7.646
7.285,0.2771,0.1396,0.1375,7.88,-1.4634,-1.33,-0.1335,-7.646
7.297,0.2771,0.1396,0.1375,7.88,-1.4634,-1.33,-0.1335,-7.646
7.308,0.2771,0.1411,0.136,7.792,-1.4634,-1.33,-0.1335,-7.646
7.319,0.2771,0.1411,0.136,7.792,-1.4634,-1.33,-0.1335,-7.646
7.326,0.2771,0.1411,0.136,7.792,-1.4634,-1.3315,-0.1319,-7.559
7.335,0.2771,0.1427,0.1345,7.704,-1.4634,-1.3315,-0.1319,-7.559
7.349,0.2771,0.1427,0.1345,7.704,-1.4634,-1.3315,-0.1319,-7.559
7.355,0.2771,0.1442,0.1329,7.616,-1.4634,-1.333,-0.1304,-7.471
7.367,0.2771,0.1457,0.1314,7.528,-1.4634,-1.3346,-0.1289,-7.383
7.375,0.2771,0.1473,0.1299,7.44,-1.4634,-1.3361,-0.1273,-7.295
7.388,0.2771,0.1473,0.1299,7.44,-1.4634,-1.3361,-0.1273,-7.295
7.396,0.2771,0.1488,0.1283,7.352,-1.4634,-1.3376,-0.1258,-7.207
7.405,0.2771,0.1503,0.1268,7.265,-1.4634,-1.3376,-0.1258,-7.207
7.417,0.2771,0.1503,0.1268,7.265,-1.4634,-1.3392,-0.1243,-7.119
7.427,0.2771,0.1519,0.1253,7.177,-1.4634,-1.3392,-0.1243,-7.119
7.435,0.2771,0.1534,0.1237,7.089,-1.4634,-1.3407,-0.1227,-7.031
7.447,0.2771,0.1549,0.1222,7.001,-1.4634,-1.3407,-0.1227,-7.031
7.456,0.2771,0.1565,0.1207,6.913,-1.4634,-1.3422,-0.1212,-6.943
7.467,0.3104,0.158,0.1524,8.732,-1.4497,-1.3422,-0.1075,-6.157
7.48,0.3104,0.1595,0.1509,8.644,-1.4497,-1.3438,-0.1059,-6.069
7.485,0.3104,0.1595,0.1509,8.644,-1.4497,-1.3438,-0.1059,-6.069
7.495,0.3104,0.1611,0.1493,8.556,-1.4497,-1.3438,-0.1059,-6.069
7.507,0.3104,0.1611,0.1493,8.556,-1.4497,-1.3438,-0.1059,-6.069
7.517,0.3104,0.1626,0.1478,8.468,-1.4497,-1.3438,-0.1059,-6.069
7.525,0.3104,0.1641,0.1463,8.38,-1.4497,-1.3438,-0.1059,-6.069
7.535,0.3104,0.1641,0.1463,8.38,-1.4497,-1.3438,-0.1059,-6.069
7.545,0.3104,0.1641,0.1463,8.38,-1.4497,-1.3453,-0.1044,-5.981
7.556,0.3104,0.1657,0.1447,8.292,-1.4497,-1.3438,-0.1059,-6.069
7.567,0.3104,0.1672,0.1432,8.204,-1.4497,-1.3453,-0.1044,-5.981
7.576,0.3104,0.1672,0.1432,8.204,-1.4497,-1.3453,-0.1044,-5.981
7.585,0.3104,0.1687,0.1417,8.117,-1.4497,-1.3453,-0.1044,-5.981
7.596,0.3104,0.1703,0.1401,8.029,-1.4497,-1.3453,-0.1044,-5.981
7.608,0.3104,0.1703,0.1401,8.029,-1.4497,-1.3453,-0.1044,-5.981
7.615,0.3104,0.1703,0.1401,8.029,-1.4497,-1.3453,-0.1044,-5.981
7.628,0.3104,0.1718,0.1386,7.941,-1.4497,-1.3468,-0.1029,-5.893
7.635,0.3104,0.1733,0.1371,7.853,-1.4497,-1.3468,-0.1029,-5.893
7.645,0.3104,0.1733,0.1371,7.853,-1.4497,-1.3484,-0.1013,-5.806
7.655,0.3104,0.1733,0.1371,7.853,-1.4497,-1.3484,-0.1013,-5.806
7.665,0.3104,0.1733,0.1371,7.853,-1.4497,-1.3484,-0.1013,-5.806
7.676,0.3104,0.1733,0.1371,7.853,-1.4497,-1.3484,-0.1013,-5.806
7.688,0.3104,0.1733,0.1371,7.853,-1.4497,-1.3484,-0.1013,-5.806
7.695,0.3348,0.1733,0.1615,9.251,-1.493,-1.3484,-0.1447,-8.289
7.705,0.3348,0.1749,0.1599,9.163,-1.493,-1.3514,-0.1416,-8.113
7.717,0.3348,0.1749,0.1599,9.163,-1.493,-1.3514,-0.1416,-8.113
7.726,0.3348,0.1749,0.1599,9.163,-1.493,-1.3514,-0.1416,-8.113
7.735,0.3348,0.1764,0.1584,9.075,-1.493,-1.353,-0.1401,-8.026
7.75,0.3348,0.1764,0.1584,9.075,-1.493,-1.353,-0.1401,-8.026
7.757,0.3348,0.1779,0.1569,8.987,-1.493,-1.353,-0.1401,-8.026
7.765,0.3348,0.1795,0.1553,8.899,-1.493,-1.3545,-0.1385,-7.938
7.778,0.3348,0.1825,0.1522,8.723,-1.493,-1.3545,-0.1385,-7.938
7.785,0.3348,0.1841,0.1507,8.635,-1.493,-1.356,-0.137,-7.85
7.795,0.3348,0.1841,0.1507,8.635,-1.493,-1.356,-0.137,-7.85
7.805,0.3348,0.1856,0.1492,8.548,-1.493,-1.356,-0.137,-7.85
7.819,0.3348,0.1871,0.1476,8.46,-1.493,-1.3576,-0.1355,-7.762
7.825,0.3348,0.1887,0.1461,8.372,-1.493,-1.3576,-0.1355,-7.762
7.835,0.3348,0.1902,0.1446,8.284,-1.493,-1.3576,-0.1355,-7.762
7.849,0.3348,0.1902,0.1446,8.284,-1.493,-1.3576,-0.1355,-7.762
7.856,0.3348,0.1917,0.143,8.196,-1.493,-1.3576,-0.1355,-7.762
7.865,0.3348,0.1917,0.143,8.196,-1.493,-1.3576,-0.1355,-7.762
7.875,0.3348,0.1933,0.1415,8.108,-1.493,-1.3576,-0.1355,-7.762
7.887,0.3348,0.1948,0.14,8.02,-1.493,-1.3576,-0.1355,-7.762
7.895,0.3348,0.1948,0.14,8.02,-1.493,-1.3576,-0.1355,-7.762
7.905,0.3348,0.1948,0.14,8.02,-1.493,-1.3576,-0.1355,-7.762
7.917,0.3348,0.1963,0.1384,7.932,-1.493,-1.3576,-0.1355,-7.762
7.925,0.3348,0.1979,0.1369,7.844,-1.493,-1.3576,-0.1355,-7.762
7.936,0.3348,0.1994,0.1354,7.756,-1.493,-1.3576,-0.1355,-7.762
7.951,0.3348,0.201,0.1338,7.669,-1.493,-1.3576,-0.1355,-7.762
7.959,0.3348,0.2025,0.1323,7.581,-1.493,-1.3576,-0.1355,-7.762
7.965,0.3348,0.204,0.1308,7.493,-1.493,-1.3591,-0.1339,-7.674
7.983,0.3775,0.2056,0.1719,9.85,-1.4741,-1.3591,-0.115,-6.59
7.988,0.3775,0.2071,0.1704,9.762,-1.4741,-1.3591,-0.115,-6.59
7.996,0.3775,0.2071,0.1704,9.762,-1.4741,-1.3591,-0.115,-6.59
8.014,0.3775,0.2086,0.1688,9.674,-1.4741,-1.3606,-0.1135,-6.502
8.021,0.3775,0.2102,0.1673,9.586,-1.4741,-1.3606,-0.1135,-6.502
8.026,0.3775,0.2117,0.1658,9.498,-1.4741,-1.3606,-0.1135,-6.502
8.036,0.3775,0.2117,0.1658,9.498,-1.4741,-1.3622,-0.1119,-6.414
8.053,0.3775,0.2132,0.1642,9.41,-1.4741,-1.3622,-0.1119,-6.414
8.058,0.3775,0.2132,0.1642,9.41,-1.4741,-1.3622,-0.1119,-6.414
